"FTVFUND_GRNT_CODE","FTVFUND_FUND_CODE","UI_INDEX"
"AA6570","226570","771862"
"AA6753","226753","771860"
"AA7050","227050","771858"
"AA7436","227436","771854"
"AA7686","227686","771849"
"AA7723","227723","771848"
"AA8033","228033","771846"
"AA8110","228110","771845"
"AA8514","228514","771843"
"AA8730","228730","771840"
"AB7292","227292","840975"
"AB7292","227295","840972"
"AB7292","227296","840974"
"AB7292","227297","840973"
"AB7877","227877","840971"
"AB7877","227878","840970"
"AB7877","227879","840969"
"AB8726","228726","840968"
"AB8726","228727","840967"
"AB8726","228728","840966"
"AD6482","226482","884709"
"AD6600","226600","884700"
"AD6600C","226601","884699"
"AD6755","226755","884695"
"AD6895","226895","884683"
"AD6919","226919","884692"
"AD7326","227326","884675"
"AD7326","227327","850925"
"AD7326","227328","884678"
"AD7326","227329","884677"
"AD7326","227330","884676"
"AD7400","227400","884674"
"AD7516","227516","884669"
"AD7639","227639","884663"
"AD7684","227684","884665"
"AD7684","227685","884664"
"AD7782","227782","884661"
"AD7928","227928","884655"
"AD7966","227966","884653"
"AD7966","227967","761776"
"AD7966","227968","798881"
"AD7966","227969","798880"
"AD7966","227970","761775"
"AD7966","227971","765981"
"AD8089","228089","884650"
"AD8135","228135","884645"
"AD8135","228136","884644"
"AD8135","228137","884643"
"AD8207","228207","884630"
"AD8207","228889",""
"AD8209","228209","884639"
"AD8209","228210","884641"
"AD8209","228211","884640"
"AD8225","228225","884635"
"AD8225","228226","884634"
"AD8225","228227","884633"
"AD8225","228228","884632"
"AD8225","228229","884631"
"AD8579","228579","884611"
"AD8646","228646","884610"
"AE8605","228605","850913"
"AF8164","228164","550992"
"AF8164","228343","550986"
"AF8307","228307","550989"
"AF8307","228308","550988"
"AF8307","228309","550990"
"AF8307","228310","550987"
"AF8307","228311","550991"
"AF8344","228344","550985"
"AF8344","228345","550984"
"AF8344","228346","550983"
"AF8344","228347","550982"
"AF8344","228348","550981"
"AF8344","228349","550980"
"AF8344","228350","550979"
"AF8344","228351","550978"
"AF8344","228352","550977"
"AG0120","220120","886989"
"AG0120","223037","886973"
"AG0120","223972","886972"
"AG0120","224803","848724"
"AG0120","224804","848723"
"AG6557","226557","848648"
"AG6557C","226558","848647"
"AG6561","226561","848642"
"AG6561","226562","848641"
"AG6680","226680","848640"
"AG6680","226681","848639"
"AG6736","226736","848635"
"AG6808","226808","848632"
"AG6845","226845","848629"
"AG6859","226859","848623"
"AG6863","226863","848624"
"AG6863","226897","848621"
"AG6869","226869","848628"
"AG6973","226973","848598"
"AG7023","227023","848602"
"AG7023","227024","848601"
"AG7185","227185","848593"
"AG7321","227321","848590"
"AG7332","227332","848591"
"AG7332","227381","848589"
"AG7394","227394","848587"
"AG7394C","227395","848586"
"AG7485","227485","848584"
"AG7551","227551","848581"
"AG7676","227676","848572"
"AG7687","227687","848571"
"AG7775","227775","848570"
"AG7853","227853","848565"
"AG8065","228065","848561"
"AG8183","228183","848558"
"AG8220","228220","848557"
"AG8220","228221","884638"
"AG8281","228281","848551"
"AG8281C","228282","848548"
"AG8395","228395","848545"
"AG8484","228484","848543"
"AG8496","228496","848541"
"AG8559","228559","848531"
"AG8780","228780","848524"
"AG8802","228802","848523"
"AH7028","227028","582986"
"AH7028P","227675","582983"
"AH7454","227454","582984"
"AI7455","227455","542996"
"AI7772","227772","542994"
"AI8442","228442","542992"
"AI8442","228443","542991"
"AJ8580","228580","695992"
"AK8271","228271","829937"
"AL6673","226673","875743"
"AL6744","226744","875741"
"AL6756","226756","875739"
"AL6894","226894","875734"
"AL7048","227048","875729"
"AL7048","227049","875728"
"AL7437","227437","875727"
"AL7437","227438","761793"
"AL7437","227439","742827"
"AL7437","227440","768828"
"AL7437","227441","738856"
"AL7564","227564","875724"
"AL7601","227601","875723"
"AL7721","227721","875706"
"AL7726","227726","875721"
"AL7749","227749","875716"
"AL7749","227751","875719"
"AL7749","227752","818813"
"AL7749","227753","875718"
"AL7749","227754","875717"
"AL7749","228453","875686"
"AL7749","228454","875685"
"AL7749","228455","818154"
"AL7749","228456","875684"
"AL7749","228457","875683"
"AL7749","228833","827881"
"AL7749","228834","875661"
"AL8188","228188","875703"
"AL8251","228251","875699"
"AL8251","228252","875698"
"AL8257","228257","875697"
"AL8257","228258","761769"
"AL8257","228259","742818"
"AL8257","228260","768810"
"AL8257","228261","738850"
"AL8267","228267","875692"
"AL8306","228306","875689"
"AL8382","228382","875688"
"AL8803","228803","875662"
"AM6800","226800","746974"
"AM7777","227777","746972"
"AM8515","228515","746965"
"AN3802","223802","846351"
"AN3802","224669","846288"
"AN3994","223994","846334"
"AN3994","224409","846297"
"AN3994C","223995","846333"
"AN3994C","224410","846296"
"AN3994C","226568","846133"
"AN5743","225743","846226"
"AN5743","225744","826674"
"AN5743C","225745","846223"
"AN5743C","225746","826672"
"AN5743C","227386","846043"
"AN5898","225898","846188"
"AN6518","226518","846132"
"AN6518C","226519","846128"
"AN6537","226537","846130"
"AN6537","226538","846129"
"AN6537C","226539","846127"
"AN6537C","226540","846126"
"AN6572","226572","846118"
"AN6572C","226598","846117"
"AN6573","226573","846131"
"AN6605","226605","846094"
"AN6618","226618","846109"
"AN6704","226704","846097"
"AN6773","226773","846093"
"AN6773","226774","870053"
"AN6780","226780","846092"
"AN6987","226987","846073"
"AN7006","227006","846071"
"AN7007","227007","846070"
"AN7008","227008","846069"
"AN7008","227009","846068"
"AN7055","227055","846064"
"AN7055","227056","826602"
"AN7055","227057","826601"
"AN7055","227078","884681"
"AN7102","227102","846067"
"AN7103","227103","846066"
"AN7111","227111","846054"
"AN7111","227112","846052"
"AN7111","227113","870ZZU"
"AN7111","227114","846053"
"AN7115","227115","846063"
"AN7115","227116","870013"
"AN7115","227117","870012"
"AN7115","227118","870011"
"AN7121","227121","846062"
"AN7121","227122","870010"
"AN7124","227124","846065"
"AN7141","227141","846057"
"AN7141","227142","846056"
"AN7143","227143","846055"
"AN7164","227164","846060"
"AN7165","227165","846059"
"AN7165","227166","738857"
"AN7175","227175","846061"
"AN7176","227176","846051"
"AN7176","227177","846050"
"AN7197","227197","846049"
"AN7278","227278","846044"
"AN7302","227302","846046"
"AN7304","227304","846042"
"AN7305","227305","846045"
"AN7377","227377","846040"
"AN7377","227378","870ZYT"
"AN7379","227379","846039"
"AN7402","227402","846038"
"AN7407","227407","846024"
"AN7434","227434","846033"
"AN7443","227443","846037"
"AN7451","227451","846035"
"AN7493","227493","846030"
"AN7493","227494","846029"
"AN7493","227495","846028"
"AN7496","227496","846025"
"AN7497","227497","846027"
"AN7497","227498","846026"
"AN7499","227499","846021"
"AN7580","227580","846ZZ2"
"AN7618","227618","846023"
"AN7618","227619","897868"
"AN7702","227702","846018"
"AN7722","227722","846015"
"AN7748","227748","846017"
"AN7763","227763","846016"
"AN7773","227773","846013"
"AN7789","227789","846012"
"AN7848","227848","846008"
"AN7849","227849","846ZZ7"
"AN7849","228143","846ZZ6"
"AN7886","227886","846007"
"AN7886","227887","846006"
"AN7903","227903","846000"
"AN7903","227904","846001"
"AN7908","227908","846003"
"AN7908","227909","738853"
"AN7910","227910","846ZZX"
"AN7912","227912","846002"
"AN7913","227913","846ZZW"
"AN7918","227918","846ZZZ"
"AN7944","227944","846ZZT"
"AN7945","227945","846ZZS"
"AN7947","227947","846ZZV"
"AN7973","227973","846ZZR"
"AN7973","227974","870ZWV"
"AN7973","227975","870ZWX"
"AN7973","227976","870ZWW"
"AN7988","227988","846ZZN"
"AN7988","227989","870ZWM"
"AN7990","227990","846ZZU"
"AN7991","227991","846ZZL"
"AN8012","228012","846ZZP"
"AN8015","228015","846ZZO"
"AN8017","228017","846ZZM"
"AN8035","228035","846ZZ9"
"AN8035","228036","846ZZ8"
"AN8035","228037","870ZVN"
"AN8035","228340","846ZYS"
"AN8038","228038","846ZZG"
"AN8038C","228039","846ZZF"
"AN8049","228049","846ZZH"
"AN8060","228060","846ZZA"
"AN8086","228086","846ZZ5"
"AN8106","228106","846ZZC"
"AN8106","228107","870ZVU"
"AN8115","228115","846ZZB"
"AN8196","228196","846ZZ3"
"AN8199","228199","846ZYY"
"AN8205","228205","846ZYW"
"AN8242","228242","846ZZ0"
"AN8274","228274","846ZYV"
"AN8303","228303","846ZYT"
"AN8317","228317","846ZYO"
"AN8317","228406","846ZYM"
"AN8317","228407","742683"
"AN8317","228408","870ZUR"
"AN8317","228409","846ZYL"
"AN8317","228410","870ZUQ"
"AN8317","228411","846ZYK"
"AN8317","228412","742682"
"AN8317","228413","742681"
"AN8317","228414","768805"
"AN8317","228415","846ZYJ"
"AN8317","228416","742680"
"AN8317","228417","870ZUP"
"AN8317","228418","846ZYI"
"AN8317","228419","761763"
"AN8317","228420","768804"
"AN8317","228421","884626"
"AN8317","228422","738740"
"AN8383","228383","846ZYN"
"AN8497","228497","846ZYF"
"AN8513","228513","846ZYE"
"AN8543","228543","846ZY7"
"AN8543","228543","846ZZZ"
"AN8595","228595","846ZXV"
"AN8600","228600","846ZY5"
"AN8606","228606","846ZXJ"
"AN8608","228608","846ZXI"
"AN8616","228616","846ZY4"
"AN8638","228638","846ZXX"
"AN8641","228641","846ZY3"
"AN8653","228653","846ZXY"
"AN8654","228654","846ZXM"
"AN8655","228655","846ZY0"
"AN8655","228666","846ZXZ"
"AN8659","228659","846ZXQ"
"AN8659","228706","846ZXP"
"AN8660","228660","846ZXO"
"AN8660","228708","846ZXN"
"AN8668","228668","846ZY2"
"AN8692","228692","846ZXT"
"AN8692","228693","870ZT6"
"AN8692","228694","870ZT5"
"AN8699","228699","846ZXU"
"AN8700","228700","846ZXS"
"AN8701","228701","846ZXR"
"AN8715","228715","846ZXG"
"AN8715","228716","870ZSZ"
"AN8718","228718","846ZXK"
"AN8718","228719","870ZT4"
"AN8718","228720","870ZT3"
"AN8718","228721","870ZT2"
"AN8718","228832","846ZX7"
"AN8722","228722","846ZXL"
"AN8739","228739","846ZXH"
"AN8742","228742","846ZXD"
"AN8777","228777","846ZXC"
"AN8777","228778","870ZSL"
"AN8830","228830","846ZX8"
"AO6703","226703","832991"
"AO7707","227707","832990"
"AO8471","228471","832989"
"AP5741","225741","870222"
"AP5741C","225742","870219"
"AP5758","225758","870217"
"AP5758C","225759","870209"
"AP6378","226378","870107"
"AP6391","226391","870075"
"AP6476","226476","870068"
"AP6476C","226635","870067"
"AP6499","226499","870088"
"AP6499C","226516","870087"
"AP6546","226546","870085"
"AP6546","226547","870084"
"AP6546","226548","761820"
"AP6546","228072","884652"
"AP6546C","226549","870077"
"AP6546C","226550","870076"
"AP6546C","226551","761819"
"AP6546C","228073","884651"
"AP6559","226559","870083"
"AP6559C","226560","870082"
"AP6559C","228217","870ZUX"
"AP6620","226620","870071"
"AP6620C","226639","870064"
"AP6721","226721","870058"
"AP6731","226731","870057"
"AP6757","226757","870049"
"AP6892","226892","870043"
"AP6892","226893","870042"
"AP6916","226916","870028"
"AP6916C","226995","870027"
"AP6982","226982","870008"
"AP6983","226983","870007"
"AP6988","226988","870026"
"AP7054","227054","870006"
"AP7059","227059","870005"
"AP7060","227060","870ZZV"
"AP7066","227066","870ZZE"
"AP7067","227067","870ZZS"
"AP7067","227068","870ZZQ"
"AP7067","227069","870ZZR"
"AP7070","227070","870ZZF"
"AP7071","227071","870ZZP"
"AP7072","227072","870ZZL"
"AP7073","227073","870ZZM"
"AP7074","227074","870ZZK"
"AP7075","227075","870ZZI"
"AP7076","227076","870ZZJ"
"AP7077","227077","870ZZT"
"AP7079","227079","870ZZH"
"AP7079","227080","870ZZG"
"AP7107","227107","870022"
"AP7133","227133","870002"
"AP7133","227134","846058"
"AP7146","227146","870001"
"AP7146","227147","870000"
"AP7148","227148","870004"
"AP7148","227149","870003"
"AP7155","227155","870ZZZ"
"AP7155","227156","870ZZY"
"AP7157","227157","870017"
"AP7157","227158","870016"
"AP7159","227159","870015"
"AP7159","227160","870014"
"AP7161","227161","870ZZX"
"AP7161","227162","870ZZW"
"AP7168","227168","870020"
"AP7168","227169","870019"
"AP7168","227170","870018"
"AP7188","227188","870ZZ9"
"AP7189","227189","870009"
"AP7198","227198","870ZZ5"
"AP7198","227199","870ZZ4"
"AP7209","227209","870ZZ6"
"AP7210","227210","870ZZC"
"AP7211","227211","870ZZ0"
"AP7212","227212","870ZZ7"
"AP7213","227213","870ZZ2"
"AP7214","227214","870ZYZ"
"AP7215","227215","870ZZ1"
"AP7216","227216","870ZZ8"
"AP7217","227217","870ZZ3"
"AP7218","227218","870ZZB"
"AP7219","227219","870ZZA"
"AP7258","227258","870ZZD"
"AP7303","227303","870ZYW"
"AP7315","227315","870ZYU"
"AP7317","227317","870ZYF"
"AP7317","227318","870ZYE"
"AP7343","227343","870ZYV"
"AP7383","227383","870ZYP"
"AP7390","227390","870ZYR"
"AP7390","227391","870ZYQ"
"AP7390","227392","870ZYO"
"AP7422","227422","870ZYH"
"AP7422C","227423","870ZYG"
"AP7422C","228203","870ZVG"
"AP7424","227424","870ZYS"
"AP7424","227425","870ZYN"
"AP7424C","227426","870ZYM"
"AP7424C","227427","870ZYL"
"AP7449","227449","870ZYK"
"AP7484","227484","870ZYD"
"AP7502","227502","870ZYC"
"AP7559","227559","870ZYB"
"AP7565","227565","870ZYA"
"AP7565C","227566","870ZY9"
"AP7612","227612","870ZY7"
"AP7616","227616","870ZY8"
"AP7674","227674","870ZY6"
"AP7688","227688","870ZY5"
"AP7762","227762","870ZY0"
"AP7766","227766","870ZY0"
"AP7766","228071","870ZW2"
"AP7854","227854","870ZXI"
"AP7854","227855","870ZXH"
"AP7857","227857","870ZXT"
"AP7857","227858","870ZXS"
"AP7875","227875","870ZXY"
"AP7892","227892","870ZX7"
"AP7892","227893","870ZX6"
"AP7892","227894","870ZX5"
"AP7902","227902","870ZXX"
"AP7905","227905","870ZXP"
"AP7905","227906","846ZZY"
"AP7914","227914","870ZXM"
"AP7914","227915","870ZXL"
"AP7916","227916","870ZXR"
"AP7916","227917","870ZXQ"
"AP7921","227921","870ZXK"
"AP7921","227922","870ZXJ"
"AP7923","227923","870ZXO"
"AP7923","227924","870ZXN"
"AP7932","227932","870ZXG"
"AP7933","227933","870ZXA"
"AP7933","227934","870ZX9"
"AP7933","227935","870ZX8"
"AP7933","227936","848562"
"AP7937","227937","870ZXF"
"AP7937","227938","870ZXE"
"AP7937","227939","738852"
"AP7940","227940","870ZXD"
"AP7941","227941","870ZWQ"
"AP7942","227942","870ZWZ"
"AP7946","227946","870ZWY"
"AP7948","227948","870ZXC"
"AP7948","227949","870ZXB"
"AP7950","227950","870ZWI"
"AP7951","227951","870ZWH"
"AP7953","227953","870ZWN"
"AP7954","227954","870ZWL"
"AP7955","227955","846ZZQ"
"AP7955","227956","870ZWT"
"AP7955","227957","870ZWS"
"AP7958","227958","870ZWU"
"AP7959","227959","870ZX3"
"AP7960","227960","870ZWP"
"AP7960","227961","870ZWO"
"AP7962","227962","870ZX1"
"AP7963","227963","870ZX0"
"AP7964","227964","870ZX2"
"AP7965","227965","870ZX4"
"AP8005","228005","870ZWD"
"AP8016","228016","870ZW4"
"AP8018","228018","870ZWR"
"AP8021","228021","870ZWJ"
"AP8022","228022","870ZWK"
"AP8023","228023","870ZWG"
"AP8023","228024","870ZWF"
"AP8023","228025","870ZWE"
"AP8026","228026","780769"
"AP8026","228026","870ZW7"
"AP8027","228027","870ZWC"
"AP8028","228028","870ZWB"
"AP8028","228029","870ZWA"
"AP8031","228031","870ZW9"
"AP8032","228032","870ZW8"
"AP8061","228061","870ZW3"
"AP8061","228062","826553"
"AP8079","228079","870ZW1"
"AP8079C","228080","870ZVQ"
"AP8103","228103","870ZVR"
"AP8103","228104","870ZVT"
"AP8103","228105","870ZVS"
"AP8114","228114","870ZVP"
"AP8134","228134","870ZVM"
"AP8138","228138","870ZVK"
"AP8138","228141","870ZVL"
"AP8139","228139","870ZVB"
"AP8163","228163","870ZVI"
"AP8165","228165","870ZV6"
"AP8172","228172","870ZVJ"
"AP8177","228177","870ZVE"
"AP8189","228189","870ZVF"
"AP8192","228192","870ZVD"
"AP8193","228193","870ZVH"
"AP8212","228212","870ZV8"
"AP8212C","228213","870ZUS"
"AP8223","228223","870ZVC"
"AP8230","228230","870ZVA"
"AP8231","228231","870ZV3"
"AP8231","228232","870ZV4"
"AP8262","228262","870ZTV"
"AP8314","228314","870ZV9"
"AP8331","228331","870ZV7"
"AP8397","228397","870ZV5"
"AP8400","228400","870ZV2"
"AP8400","228401","848544"
"AP8400","228402","870ZV1"
"AP8400","228403","870ZV0"
"AP8499","228499","870ZTW"
"AP8542","228542","870ZTX"
"AP8587","228587","870ZTT"
"AP8591","228591","870ZTB"
"AP8594","228594","870ZTU"
"AP8609","228609","870ZSW"
"AP8626","228626","870ZSM"
"AP8627","228627","870ZSS"
"AP8627","228628","870ZSR"
"AP8629","228629","870ZSP"
"AP8630","228630","870ZSO"
"AP8631","228631","870ZSN"
"AP8635","228635","870ZTI"
"AP8637","228637","870ZTM"
"AP8649","228649","870ZTS"
"AP8649","228667","870ZTR"
"AP8651","228651","870ZTL"
"AP8651","228661","870ZTK"
"AP8651","228662","870ZTJ"
"AP8652","228652","870ZTQ"
"AP8652","228663","870ZTP"
"AP8652","228664","870ZTO"
"AP8656","228656","870ZTN"
"AP8656","228669","846ZY1"
"AP8683","228683","870ZTG"
"AP8685","228685","870ZTH"
"AP8686","228686","870ZTF"
"AP8688","228688","870ZTA"
"AP8688","228689","870ZT9"
"AP8690","228690","870ZT8"
"AP8695","228695","870ZT7"
"AP8696","228696","870ZTE"
"AP8696","228697","870ZTD"
"AP8696","228698","870ZTC"
"AP8736","228736","870ZT0"
"AP8736P","228754","870ZSY"
"AP8752","228752","870ZSV"
"AP8775","228775","870ZST"
"AP8776","228776","870ZSU"
"AP8779","228779","870ZSQ"
"AP8810","228810","870ZSK"
"AP8810","228819","826510"
"AP8825","228825","870ZSC"
"AP8825","228826","870ZSB"
"AP8825","228827","761750"
"AP8825","228828","884609"
"AP8835","228835","870ZSA"
"AQ6534","226534","830815"
"AQ6535","226535","830814"
"AQ6624","226624","830813"
"AQ6812","226812","830807"
"AQ7357","227357","830805"
"AQ7357B","227358","830804"
"AQ7357B","227359",""
"AQ7357P","227411","830803"
"AQ7420","227420","830802"
"AQ7629","227629","830800"
"AQ7716","227716","830793"
"AQ7716C","228058","830789"
"AQ7716C","228093","830788"
"AQ7716C","228094","830787"
"AQ7716C","228095","830786"
"AQ7716C","228296","830781"
"AQ7716P","228059","830782"
"AQ7727","227727","830799"
"AQ7820","227820","830798"
"AQ7841","227841","830796"
"AQ7842","227842","830797"
"AQ8097","228097","830784"
"AQ8202","228202","830792"
"AQ8202B","228204","830791"
"AQ8215","228215","830790"
"AQ8215B","228216","830785"
"AQ8215P","228218","830783"
"AQ8709","228709","830775"
"AQ8821","228821","830773"
"AQ8821","228822","830772"
"AQ8821B","228822","830772"
"AQ8821P","228823","830771"
"AR1692","221692","761931"
"AR5031","225031","761920"
"AR5031","225871","761851"
"AR5031","226790","761812"
"AR5031","227452","761794"
"AR5031","228325","761766"
"AR6524","226524","761821"
"AR6525","226525","761817"
"AR6527","226527","761824"
"AR6530","226530","761823"
"AR6541","226541","761818"
"AR6554","226554","761822"
"AR6838","226838","761809"
"AR7267","227267","761802"
"AR7346","227346","761797"
"AR7346C","227360","761796"
"AR7347","227347","761799"
"AR7408","227408","761791"
"AR7408P","228174","761772"
"AR7556","227557","761787"
"AR7556","227558","542995"
"AR7556P","228270","761768"
"AR7571","227571","761790"
"AR7693","227693","761788"
"AR8268","228268","761767"
"AR8399","228399","761764"
"AR8439","228439","761762"
"AR8574","228574","761752"
"AS4597","224597","742942"
"AS4981","224981","742936"
"AS4981","224982","742935"
"AS4981","224983","742933"
"AS4981","224984","742931"
"AS4981","225887","742727"
"AS4981","225888","742726"
"AS4981","225889","742725"
"AS4981","225890","742724"
"AS4981","226792","742720"
"AS4981","226793","742719"
"AS4981","226794","742718"
"AS4981","226795","742717"
"AS4981","227606","742708"
"AS4981","227607","742707"
"AS4981","227608","742706"
"AS4981","227609","742705"
"AS4981","228474","742679"
"AS4981","228475","742678"
"AS6533","226533","742836"
"AS6536","226536","742837"
"AS6627","226627","742830"
"AS6745","226745","742834"
"AS6850","226850","742833"
"AS6850","226851","738859"
"AS6850","226852","761805"
"AS6850","226853","742832"
"AS6850","226854","738858"
"AS6850","226855","761804"
"AS6918","226918","742831"
"AS7200","227200","742829"
"AS7345","227345","742828"
"AS7345C","227478","742710"
"AS7519","227519","742826"
"AS7614","227614","742825"
"AS7661","227661","742824"
"AS7767","227767","742823"
"AS7786","227786","742822"
"AS7821","227821","742821"
"AS7891","227891","742820"
"AS7993","227993","742819"
"AS8396","228396","742817"
"AS8610","228610","742815"
"AS8753","228753","742813"
"AS8759","228759","742814"
"AT4858","224858","768888"
"AT4858","225899","768856"
"AT4858","226695","768842"
"AT4858","227679","768826"
"AT4858","227679","768827"
"AT4858","228366","768807"
"AT4953","224953","768825"
"AT4953","224953","768934"
"AT4953","225864","768857"
"AT4953","226694","768843"
"AT4953","227710","768823"
"AT4953","227710","768825"
"AT4953","228466","768803"
"AT4954","224954","768887"
"AT4954","225962","768855"
"AT4954","226724","768841"
"AT4954","227717","768824"
"AT4954","228375","768806"
"AT6523","226523","768846"
"AT6526","226526","768845"
"AT6876","226876","768840"
"AT7280","227280","768832"
"AT7456","227456","768829"
"AT7882","227882","768815"
"AT7882C","227883","768814"
"AT7882C","228592","768796"
"AT8179","228179","768808"
"AT8602","228602","768795"
"AU4509","224509","738967"
"AU4509","225807","738769"
"AU4509","226791","738760"
"AU4509","227613","738751"
"AU4509","228467","738739"
"AU6528","226528","738867"
"AU6529","226529","738865"
"AU6531","226531","738868"
"AU6532","226532","738866"
"AU7719","227719","738854"
"AU7720","227720","738855"
"AU8158","228158","738851"
"AU8458","228458","738849"
"AU8485","228485","742816"
"AV8634","228634","792988"
"AW2993","222993","826763"
"AW2993C","223052","826761"
"AW2993C","223062","826759"
"AW2993C","223063","826760"
"AW3577","223577","826743"
"AW4362","224362","826979"
"AW6543","226543","826628"
"AW6543C","226595","826627"
"AW6754","226754","826622"
"AW6922","226922","826608"
"AW6928","226928","826609"
"AW6931","226931","826607"
"AW6931","227129","826603"
"AW6985","226985","826605"
"AW6994","226994","826606"
"AW7061","227061","826598"
"AW7061","227062","826599"
"AW7063","227063","826597"
"AW7063","227064","870ZZO"
"AW7063","227065","826596"
"AW7163","227163","826600"
"AW7229","227229","826595"
"AW7286","227286","826594"
"AW7401","227401","826588"
"AW7409","227409","826592"
"AW7409C","227410","826591"
"AW7409C","227413","826590"
"AW7409C","227414","826589"
"AW7409C","228807","826513"
"AW7419","227419","826586"
"AW7444","227444","826587"
"AW7446","227446","826583"
"AW7477","227477","826584"
"AW7574","227574","826580"
"AW7611","227611","826578"
"AW7620","227620","826577"
"AW7837","227837","826563"
"AW7899","227899","826559"
"AW7999","227999","826558"
"AW7999","228000","870ZW6"
"AW7999","228042","826557"
"AW8003","228003","826556"
"AW8003","228004","826555"
"AW8003","228043","870ZW5"
"AW8040","228040","826554"
"AW8040C","228041","826552"
"AW8148","228148","826547"
"AW8148","228149","820878"
"AW8181","228181","826546"
"AW8186","228186","826543"
"AW8186C","228187","826512"
"AW8186C","228820","826511"
"AW8327","228327","826540"
"AW8327","228328","826539"
"AW8452","228452","826535"
"AW8545","228545","826527"
"AW8615","228615","826526"
"AW8618","228618","826525"
"AW8705","228705","826522"
"AW8713","228713","826521"
"AW8723","228723","826520"
"AW8762","228762","826516"
"AW8801","228801","826514"
"AY6890","226890","757973"
"AZ8707","228707","765900"
"AZ8707","228760","765897"
"BL7319","227319","788923"
"BL7376","227376","788922"
"BL8544","228544","788921"
"CA6421","226421","793896"
"CA6422","226422","793897"
"CA6422","228083","793856"
"CA6483","226483","783949"
"CA6483","226483","793888"
"CA6483","226483","793890"
"CA6885","226885","793884"
"CA6905","226905","793878"
"CA6905","226906","848596"
"CA6912","226912","793881"
"CA6920","226920","793883"
"CA7052","227052","793862"
"CA7052","227053","724705"
"CA7130","227130","793874"
"CA7154","227154","793877"
"CA7187","227187","793873"
"CA7416","227416","793870"
"CA7416C","227417","793869"
"CA7416C","228161","793855"
"CA7467","227467","793866"
"CA7487","227487","793865"
"CA7542","227542","793867"
"CA7651","227651","793864"
"CA7651","227652","793863"
"CA7771","227771","793859"
"CA7826","227826","793860"
"CA7856","227856","793858"
"CA7885","227885","793857"
"CA8173","228173","793854"
"CA8244","228244","793853"
"CA8244","228245","724686"
"CA8305","228305","793851"
"CA8558","228558","793850"
"CA8724","228734","793849"
"CB2736","222736","897944"
"CB5659","225659","897884"
"CB6597","226597","897872"
"CB7337","227337","897871"
"CB7337","227338","897870"
"CB7393","227393","834689"
"CB7393","227393","897779"
"CB7768","227768","897867"
"CB7897","227897","897866"
"CB7897","228365","897775"
"CB8047","228047","897865"
"CB8219","228219","897864"
"CB8319","228319","897862"
"CB8319","228320","897861"
"CB8319","228323","897863"
"CB8319","228324","897860"
"CB8356","228356","897859"
"CB8380","228380","897858"
"CB8380","228381","897857"
"CB8500","228500","897856"
"CB8601","228601","897855"
"CB8785","228785","897851"
"CB8787","228787","897854"
"CB8829","228829","897853"
"CB8841","228841","897850"
"CB8847","228847","897852"
"CC7636","227636","539998"
"CC7636","227637","539997"
"CC7636","227816","539986"
"CC8118","228118","539979"
"CC8118","228119","539977"
"CC8118","228119","691516"
"CC8118","228120","539976"
"CC8118","228120","852868"
"CC8118","228121","539975"
"CC8118","228121","884642"
"CC8118","228122","539974"
"CC8118","228122","852867"
"CC8118","228170","539973"
"CC8118","228170","691515"
"CC8118","228171","539978"
"CC8520","228520","539971"
"CE7135","227135","873898"
"CE7135","227136","873897"
"CE7135","227137","873896"
"CE7135","227138","873895"
"CE7135","227139","873894"
"CE7135","227242","873893"
"CE7135","227243","873892"
"CE7135","227244","873891"
"CE7135","227245","873890"
"CE7135","227246","873889"
"CE7135","227247","873888"
"CE7135","227248","873887"
"CE7135","227249","873886"
"CE7135","227250","873885"
"CE7135","227251","873884"
"CE7135","227252","873883"
"CE7135","227253","873882"
"CE7135","228603","873867"
"CF8738","228738","918989"
"CF8766","228766","918988"
"CF8766","228767","918987"
"CF8768","228768","918986"
"CF8843","228843","918985"
"CF8843C","228844","918984"
"CG6646","226646","817919"
"CG6646","226647","817918"
"CG6646","226648","817917"
"CG6646","226649","817916"
"CG6646C","226650","817822"
"CG6646C","226709","817821"
"CG6879","226879","817914"
"CG6881","226881","817915"
"CG6968","226968","817913"
"CG7355","227355","817907"
"CG7355","227362","817912"
"CG7355","227363","817911"
"CG7355","227364","817910"
"CG7355","227365","817909"
"CG7355","227366","817908"
"CG7355C","227356","817817"
"CG7355C","227550","817814"
"CG7403","227403","817906"
"CG7403C","227418","817816"
"CG7508","227508","817905"
"CG7514","227514","817904"
"CG7514C","227515","817815"
"CG7994","227994","817902"
"CG7994","228066","817901"
"CG7994","228067","817900"
"CG7994","228068","817899"
"CG7994","228109","817808"
"CG7994C","227995","817811"
"CG7994C","228070","817810"
"CG8056","228056","817903"
"CG8056C","228057","817809"
"CG8075","228075","817898"
"CG8075","228076","817897"
"CG8313","228313","817896"
"CG8607","228607","817895"
"CG8675","228675","817894"
"CG8791","228791","817893"
"CG8791","228792","817892"
"CG8791","228793","817891"
"CG8791","228794","817889"
"CG8791","228795","817888"
"CG8791","228796","817887"
"CG8791C","228797","817886"
"CG8815","228815","817885"
"CW5722","225722","881942"
"CW5722","225723","881941"
"CW5722","225724","843855"
"CW5722","225725","762851"
"CW5722","225726","826675"
"CW5722","225727","801870"
"CW5722","226686","639946"
"CW5722","226687","881935"
"CW5722","226688","881934"
"CW5722","227521","881932"
"CW5722","227523","804789"
"CW5722","227525","834688"
"CW5722","227543","843810"
"CW5722","228334","826538"
"CW5722","228335","908952"
"CW5722","228339","881930"
"CW5722C","225728","881940"
"CW5722C","225729","881939"
"CW5722C","225730","843853"
"CW5722C","225731","843852"
"CW5722C","225732","843851"
"CW5722C","225733","843850"
"CW5722C","225854","762847"
"CW5722C","225855","826657"
"CW5722C","225856","801868"
"CW5722C","225886","764978"
"CW5722C","226004","881937"
"CW5722C","226689","639945"
"CW5722C","227522","881931"
"CW5722C","227524","804788"
"CW5722C","227526","834687"
"CW5722C","227529","804787"
"CW5722C","227530","834686"
"CW5722C","227544","843809"
"CW5722C","227545","843808"
"CW5722C","228336","826537"
"CW5722C","228337","908951"
"CW5722C","228338","855868"
"CW8521","228521","881929"
"CW8765","228765","881926"
"DA7192","227192","879955"
"DC4514","224514","798980"
"DC6813","226813","798899"
"DC6986","226986","798897"
"DC7194","227194","798895"
"DC7322","227322","798888"
"DC7421","227421","798892"
"DC7486","227486","798890"
"DC7507","227507","798889"
"DC7658","227658","798886"
"DC7714","227714","798883"
"DC7714C","228256","798876"
"DC7714C","228368","798868"
"DC7714C","228369","798867"
"DC7714C","228370","798866"
"DC7714C","228371","798865"
"DC7844","227844","798882"
"DC7929","227929","798879"
"DC8182","228182","798875"
"DC8275","228275","798874"
"DC8275","228276","798873"
"DC8275","228277","798872"
"DC8275","228278","798871"
"DC8275","228279","798869"
"DC8275","228280","798870"
"DC8374","228374","798864"
"DC8625","228625","798858"
"DH6330","226330","854896"
"DH6381","226381","854895"
"DH6381","226382","854894"
"DH6381","226383","854893"
"DH6381","226384","854892"
"DH6574","226574","854891"
"DH6785","226785","854887"
"DH6786","226786","854888"
"DH6866","226866","854884"
"DH7022","227022","854883"
"DH7221","227221","854882"
"DH7232","227232","854881"
"DH7276","227276","854880"
"DH7276","227277","854879"
"DH7300","227300","854876"
"DH7300P","227301","854874"
"DH7320","227320","854878"
"DH7435","227435","854873"
"DH7468","227468","854872"
"DH7474","227474","854871"
"DH7600","227600","854869"
"DH7617","227617","854870"
"DH7708","227708","854868"
"DH7884","227884","854863"
"DH7977","227977","854866"
"DH7977","227978","854865"
"DH8014","228014","854864"
"DH8085","228085","854862"
"DH8133","228133","854861"
"DH8133P","228299","854860"
"DH8300","228300","854859"
"DH8460","228460","854858"
"DH8620","228620","854856"
"DH8639","228639","854855"
"DH8671","228671","854854"
"DH8741","228741","854853"
"DL6732","226732","786966"
"DL6799","226799","786962"
"DL6913","226913","786963"
"DL7458","227458","786958"
"DL7919","227919","786957"
"DL7920","227920","786956"
"DL8733","228733","786953"
"DL8740","228740","786952"
"DM6068","226068","818823"
"DM6068","226069","818822"
"DM6787","226787","818818"
"DM6788","226788","818819"
"DM6910","226910","818817"
"DM7186","227186","818816"
"DM7503","227503","818815"
"DM7692","227692","818814"
"EA7630","227630","908954"
"EA7769","227769","908953"
"EC7387","227387","800680"
"EC7561","227561","800937"
"EC7895","227895","800935"
"EC7898","227898","800936"
"EC7898C","227952","800676"
"EC8055","228055","800934"
"EC8315","228315","800933"
"EC8450","228450","800932"
"EC8672","228672","800931"
"EC8805","228805","800930"
"EC8805C","228806","800929"
"ED5496","225496","726958"
"ED6990","226990","726946"
"ED7470","227470","726945"
"ED7470C","227471","726943"
"ED7470C","228612","726942"
"ED7470C","228673","726941"
"ED7470C","228674","726940"
"ED7783","227783","726944"
"ED8799","228799","726939"
"EE7755","227755","752882"
"EE7755","227756","811869"
"EE7755","228423","880844"
"EE7755C","227866","752881"
"EE7755C","227867","752880"
"EE7755C","227868","820879"
"EE7755C","227869","806896"
"EE7755C","227870","843799"
"EE7755C","227871","806895"
"EE7755C","227872","800675"
"EE7755C","227873","831733"
"EE7755C","227873","831743"
"EE7755C","227874","831732"
"EE7755C","227874","831744"
"EE7755C","228372","762808"
"EE7755C","228373","762809"
"EE7755C","228808","800672"
"EE8150","228150","752879"
"EE8332","228332","752878"
"EE8560","228560","752876"
"EE8560C","228561","752875"
"EE8560C","228562","752874"
"EE8560C","228563","752873"
"EE8560C","228564","752872"
"EE8560C","228565","752871"
"EE8560C","228818","752869"
"EG6589","226589","831823"
"EG6880","226880","831822"
"EG7781","227781","831734"
"EG7781","227781","880858"
"EG7781","227845","831734"
"EG8575","228575","831820"
"EG8640","228640","831819"
"EG8640P","228735","831710"
"EG8816","228816","831762"
"EG8817","228817","831788"
"EH7140","227140","762825"
"EH7173","227173","762824"
"EH7880","227880","762818"
"EH7880","228283","870ZUW"
"EH7901","227901","762817"
"EH8052","228052","762816"
"EH8052","228053","762815"
"EH8052","228054","826551"
"EH8472","228472","762807"
"EH8839","228839","762805"
"EM6457","226457","843831"
"EM6571","226571","843828"
"EM6662","226662","843826"
"EM6705","226705","843823"
"EM7035","227035","843815"
"EM7228","227228","843814"
"EM7352","227352","843806"
"EM7388","227388","843812"
"EM7568","227568","843807"
"EM7610","227610","843805"
"EM7655","227655","843804"
"EM7678","227678","843803"
"EM7852","227852","843800"
"EM8147","228147","843798"
"EM8518","228518","843793"
"EM8518","228519","887852"
"EM8584","228584","843791"
"EM8589","228589","843790"
"EM8621","228621","843788"
"EM8681","228681","843787"
"EM8729","228729","843786"
"EM8761","228761","843785"
"EM8814","228814","843784"
"EN7150","227150","851960"
"EN7150","227151","851958"
"EN7178","227178","851962"
"EN7237","227237","851957"
"EN7576","227576","851914"
"EN7576","227584","851952"
"EN7576","227585","851913"
"EN7576","227586","851912"
"EN7576","227587","851911"
"EN7576","227588","851910"
"EN7576","227589","851909"
"EN7576","228384","851643"
"EN7576","228385","851642"
"EN7576","228386","851641"
"EN7576","228387","851640"
"EN7576","228388","851639"
"EN7576","228389","851638"
"EN7576C","227577","851646"
"EN7576C","227578","851645"
"EN7576C","227579","851644"
"EN7576C","228390","851637"
"EN7576C","228391","851636"
"EN7576C","228392","851635"
"EN7576C","228393","851634"
"EN7576C","228845","851633"
"EN7718","227718","851908"
"EN8465","228465","851907"
"EN8554","228554","851906"
"EN8554C","228557","851905"
"ES4527","224527","783996"
"ES4527","224747","783703"
"ES4527","224748","783702"
"ES4527","224820","783701"
"ES4527","224821","783700"
"ES4527","224822","783699"
"ES4527","224823","783698"
"ES4527","224824","783697"
"ES4527","224825","783696"
"ES4527","224826","783695"
"ES4527","224827","783694"
"ES4527","224922","783691"
"ES4527","225768","783683"
"ES4527","225769","783682"
"ES4527","225770","783681"
"ES4527","225771","783680"
"ES4527","225772","783679"
"ES4527","225773","783678"
"ES4527","226046","783676"
"ES4527","226231","783672"
"ES4527","226641","783671"
"ES4527","226652","783670"
"ES4527","226654","783669"
"ES4527","226690","783667"
"ES4527","226691","783666"
"ES4527","226996","783663"
"ES4527","227144","783659"
"ES4527","227167","783657"
"ES4527","227171","783656"
"ES4527","227310","783652"
"ES4527","227779","783646"
"ES4527","227996","783645"
"ES4527","228111","783642"
"ES4527","228112","783641"
"ES4527","228113","783640"
"ES4527","228124","783638"
"ES4527","228128","783634"
"ES4527","228129","783633"
"ES4527","228269","783631"
"ES4527","228297","783626"
"ES4527","228781","783620"
"ES4527","228831","783619"
"ES4527C","224528","783705"
"ES4527C","224828","816993"
"ES4527C","224877","752893"
"ES4527C","224921","843863"
"ES4527C","224923","831836"
"ES4527C","225857","843848"
"ES4527C","225858","843847"
"ES4527C","225859","831797"
"ES4527C","225860","831796"
"ES4527C","225861","831795"
"ES4527C","226642","843827"
"ES4527C","226643","576977"
"ES4527C","226653","831772"
"ES4527C","226655","826625"
"ES4527C","226656","786967"
"ES4527C","226697","831768"
"ES4527C","227311","783651"
"ES4527C","227312","783650"
"ES4527C","227313","783649"
"ES4527C","227314","783648"
"ES4527C","227997","783644"
"ES4527C","227998","783643"
"ES4527C","228132","783632"
"ES6129","226129","783954"
"ES6129","226130","783953"
"ES6129","226696","783665"
"ES6129","226706","783664"
"ES6129","226836","783661"
"ES6129","226858","783660"
"ES6129","227132","783655"
"ES6129","227145","783658"
"ES6129","227309","783653"
"ES6129","227333","783647"
"ES6129","228123","783639"
"ES6129","228125","783637"
"ES6129","228126","783636"
"ES6129","228127","783635"
"ES6129","228495","783625"
"ES6129","228755","783624"
"ES6129","228756","783623"
"ES6129","228757","783622"
"ES6129C","226131","783675"
"ES6129C","226132",""
"ES6188","226188","783952"
"ES7263","227263","783940"
"ES7263","227264","804794"
"ES7263","227265","783939"
"ES7263C","227266","783654"
"ES7263C","227271","804793"
"ES7511","227511","783938"
"ES7511","227512","783937"
"ES7597","227597","783936"
"ES7597","227598","783935"
"ES8200","228200","783934"
"ES8200","228201","783933"
"ES8359","228359","783932"
"ES8359","228360","804756"
"ES8359","228361","783931"
"ES8359C","228362","783630"
"ES8359C","228363","783629"
"ES8359C","228364","783628"
"ES8359C","228473","783627"
"ES8588","228588","783930"
"ES8642","228642","783929"
"ES8642","228643","783928"
"ES8642","228644","783927"
"ES8642","228645","783926"
"ES8642","228657","783925"
"ES8642","228658","783924"
"ES8642C","228744","783923"
"ES8642C","228745","783922"
"ES8642C","228746","783921"
"ES8642C","228747","783920"
"ES8642CS","228743","783621"
"EV6198","226198","820896"
"EY4666","224666","755996"
"EY6878","226878","755950"
"EY7404","227404","755946"
"EY7404","227405","755947"
"EY7473","227473","755945"
"EY7615","227615","755944"
"EY8063","228063","755942"
"EY8286","228286","755939"
"EY8286","228287","755938"
"EY8291","228291","755935"
"EY8291","228292","755934"
"EY8291","228304","755937"
"EY8291","228355","755936"
"EY8614","228614","755933"
"EY8665","228665","755932"
"EY8687","228687","755931"
"GS0544","220544","576997"
"GS6501","226501","576978"
"GS6501","226502","661848"
"GS6501","226503","834903"
"GS6501","226504","724747"
"GS6501","226505","834902"
"GS6501","226506","661847"
"GS6501","226507","661846"
"GS6501","227195","804796"
"GS6501","227196","651772"
"GS6501","228096","576967"
"GS6501","228096","834676"
"GS6501","228751","724663"
"GS8585","228585","576962"
"GS8725","228725","576961"
"GS8725","228800","804736"
"KT7535","227535","580988"
"KT8468","228468","580983"
"KT8468C","228469","580982"
"KT8468C","228470","564976"
"LA6969","226969","797976"
"LB8108","228108","708997"
"LB8153","228153","708996"
"LC7034","227034","827898"
"LC7342","227342","827891"
"LC8285","228285","827885"
"LC8437","228437","827883"
"LD8034","228034","787904"
"LD8462","228462","787901"
"LD8748","228748","787895"
"LE6974","226974","865932"
"LE6974","226975","865931"
"LE6974C","226975","865931"
"LE7691","227691","865925"
"LE8312","228312","865922"
"LE8321","228321","865921"
"LE8321C","228322","865920"
"LH7633","227633","741934"
"LI8082","228082","904992"
"LI8088","228088","904991"
"LL8680","228680","799929"
"LL8731","228731","799930"
"LM7285","227285","708999"
"LM7285","227293","708998"
"LM7285P","227293","708998"
"LM7429","227429","706835"
"LM7429C","227430","706834"
"LS4874","224874","852921"
"LS4874C","224875","852920"
"LS6714","226714","852897"
"LS7555","227555","852880"
"LS7972","227972","852869"
"LS8613","228613","852864"
"MI7739","227739","594999"
"NC5369","225369","661887"
"NC5971","225971","661810"
"NC5971","225971","661868"
"NC5971","227709","661808"
"NC6047","226047","661861"
"NC6047","227560","661818"
"NC6182","226182","661858"
"NC6284","226284","661851"
"NC6623","226623","661845"
"NC6759","226759","661837"
"NC6815","226815","661836"
"NC6883","226883","661834"
"NC6979","226979","661833"
"NC7174","227174","661830"
"NC7234","227234","661827"
"NC7236","227236","661823"
"NC7238","227238","661828"
"NC7262","227262","661826"
"NC7289","227289","661825"
"NC7518","227518","661819"
"NC7569","227569","661817"
"NC7677","227677","661809"
"NC7724","227724","661807"
"NC7833","227833","661803"
"NC7865","227865","661802"
"NC8006","228006","661801"
"NC8013","228013","661797"
"NC8019","228019","661800"
"NC8020","228020","661799"
"NC8030","228030","661798"
"NC8044","228044","661796"
"NC8084","228084","661795"
"NC8116","228116","661794"
"NC8214","228214","661793"
"NC8243","228243","661792"
"NC8358","228358","661790"
"NC8379","228379","661791"
"NC8463","228463","661788"
"NC8464","228464","661789"
"NC8498","228498","661787"
"NC8501","228501","661785"
"NC8509","228509","661784"
"NC8596","228596","661782"
"NC8749","228749","661781"
"NC8750","228750","661780"
"NC8758","228758","661779"
"NC8774","228774","661778"
"NE8546","228546","639985"
"NE8546","228547","691489"
"NE8546","228548","651736"
"NE8546","228549","724668"
"NE8546","228550","691488"
"NE8546","228551","691487"
"NE8546","228552","651735"
"NE8546","228788","639940"
"NE8546","228789","639939"
"NE8546","228790","639938"
"NE8546C","228553","704941"
"NE8546C","228676","704940"
"NE8546C","228677","704939"
"NE8546C","228678","704938"
"NE8546C","228679","704937"
"NE8546C","228782","704936"
"NE8546C","228783","704935"
"NE8546C","228784","704934"
"NE8546C","228870","704933"
"NF4801","224801","691926"
"NF4801C","225754","691643"
"NF8098","228098","918997"
"NF8246","228246","918991"
"NF8246","228247","918992"
"NF8254","228254","918994"
"NF8254","228255","918993"
"NF8289","228289","918995"
"NI7728","227728","639986"
"NI7728","227729","724700"
"NI7728","227730","691542"
"NI7728","227731","661806"
"NI7728","227732","691541"
"NI7728","227733","651750"
"NI7728","227744","691540"
"NI7728","227745","651749"
"NI7728","228341","691500"
"NI7728","228342","750947"
"NI7728C","227746","639944"
"NI7728C","227757","704946"
"NI7728C","227758","704945"
"NI7728C","227759","704944"
"NI7728C","227760","704943"
"NI7728C","227761","704942"
"NM6515","226515","750952"
"NM7780","227780","750949"
"NM8624","228624","750946"
"NN7208","227208","677916"
"NN7475","227475","677912"
"NN8316","228316","677910"
"NN8433","228433","677909"
"NR0068","220068","691935"
"NR3537","223537","691712"
"NR3729","223729","691707"
"NR3729","223774","691706"
"NR3956","223956","691696"
"NR4506","224506","691679"
"NR4731","224731","691992"
"NR5558","225558","691648"
"NR5992","225992","691616"
"NR6472","226472","691593"
"NR6472C","226490","691592"
"NR6751","226751","691589"
"NR6751","226761","639987"
"NR6751","226762","661843"
"NR6751","226763","651784"
"NR6751","226764","651783"
"NR6751","227442","724711"
"NR6751","227743","691543"
"NR6751","227764","691539"
"NR6751C","226765","704951"
"NR6751C","226766","704950"
"NR6751C","226767","704949"
"NR6751C","226768","704948"
"NR6751C","226769","704947"
"NR6809","226809","691586"
"NR6904","226904","691582"
"NR6911","226911","691573"
"NR6989","226989","691578"
"NR7046","227046","691574"
"NR7046","227047","826604"
"NR7227","227227","691572"
"NR7235","227235","691571"
"NR7279","227279","691569"
"NR7279","227339","691568"
"NR7279","227340","691567"
"NR7279","227341","691566"
"NR7353","227353","691564"
"NR7406","227406","691552"
"NR7406C","227412","691551"
"NR7431","227431","691562"
"NR7465","227465","691554"
"NR7541","227541","691550"
"NR7546","227546","651764"
"NR7547","227547","691548"
"NR7595","227595","691549"
"NR7654","227654","691544"
"NR7747","227747","691538"
"NR7847","227847","691536"
"NR7851","227851","691535"
"NR7930","227930","691530"
"NR7930C","227931","691525"
"NR8045","228045","691531"
"NR8045C","227911","691528"
"NR8051","228051","691522"
"NR8064","228064","691529"
"NR8074","228074","691527"
"NR8101","228101","691523"
"NR8140","228140","691519"
"NR8140","228142","691518"
"NR8152","228152","691517"
"NR8159","228159","691507"
"NR8194","228194","691513"
"NR8194","228195","820877"
"NR8353","228353","691499"
"NR8354","228354","691498"
"NR8398","228398","691497"
"NR8431","228431","691495"
"NR8479","228479","691494"
"NR8566","228566","691486"
"NR8573","228573","691485"
"NR8578","228578","691484"
"NR8590","228590","691483"
"NR8710","228710","691481"
"NR8710","228711","691482"
"NS2989","222989","651873"
"NS2989C","223261","651863"
"NS4286","224286","651996"
"NS4286C","226016","651804"
"NS4771","224771","651991"
"NS4771C","224772","639953"
"NS5519","225519","651816"
"NS5519","226355","651788"
"NS6645","226645","651787"
"NS6837","226837","651780"
"NS6887","226887","651777"
"NS6887","226888","651778"
"NS6899","226899","651776"
"NS6899","226900","651775"
"NS6899","226901","651774"
"NS6964","226964","651762"
"NS7374","227374","651752"
"NS7374C","227596","651751"
"NS7382","227382","651768"
"NS7382","227384","651767"
"NS7382","227385","651766"
"NS7397","227397","651758"
"NS7397","227398","651757"
"NS7397C","227398","651757"
"NS7504","227504","651765"
"NS7520","227520","651763"
"NS7602","227602","651756"
"NS7635","227635","651753"
"NS7649","227649","651755"
"NS7735","227735","651748"
"NS7735","227737","651747"
"NS7735","227738","651746"
"NS7735C","227736","651745"
"NS7836","227836","651744"
"NS7927","227927","651743"
"NS8167","228167","651742"
"NS8476","228476","651740"
"NS8476","228477","884622"
"NS8482","228482","651739"
"NS8772","228772","651730"
"NS8772C","228773","651729"
"NT3825","223825","633966"
"NT3825C","223826","633965"
"NT4220","224220","633930"
"NT4220","224859","633926"
"NT4220","225198","633925"
"NT4220","225299","633924"
"NT4220","225874","633923"
"NT4220P","224221","633929"
"NT6459","226459","633979"
"NT6729","226729","633977"
"NT7108","227108","633960"
"NT7259","227259","633959"
"NT7259","227260","691570"
"NT7846","227846","633958"
"NT8175","228175","633956"
"NT8175","228494","633917"
"NT8175C","228176","633918"
"NT8184","228184","633957"
"NT8184C","228185","633919"
"NT8326","228326","633955"
"NT8633","228633","633954"
"NW0613","220613","724940"
"NW4034","224034","724785"
"NW4270","224270","724978"
"NW4270","224271","724953"
"NW5853","225853","724832"
"NW6473","226473","724748"
"NW6638","226638","724743"
"NW6772","226772","724739"
"NW6882","226882","724702"
"NW6970","226970","724735"
"NW6992","226992","724722"
"NW7272","227272","724714"
"NW7272C","227273","724710"
"NW7274","227274","724712"
"NW7283","227283","724718"
"NW7389","227389","724713"
"NW7653","227653","724706"
"NW7690","227690","724699"
"NW7703","227703","724703"
"NW7704","227704","724704"
"NW7843","227843","724693"
"NW8050","228050","724690"
"NW8191","228191","724689"
"NW8197","228197","724687"
"NW8233","228233","724688"
"NW8263","228263","724685"
"NW8302","228302","724684"
"NW8436","228436","724681"
"NW8438","228438","724680"
"NW8478","228478","724678"
"NW8502","228502","724671"
"NW8502","228503","724674"
"NW8502","228504","724670"
"NW8502","228505","724669"
"NW8502","228506","724675"
"NW8502","228507","724673"
"NW8502","228508","724672"
"NW8581","228581","724666"
"NW8586","228586","724667"
"NW8632","228632","724665"
"NW8732","228732","724664"
"NW8846","228846","724662"
"OR7650","227650","895928"
"OR8555","228555","895926"
"OR8555C","228556","895927"
"PM7256","227256","585969"
"PM7367","227367","585967"
"PM7371","227371","585968"
"PM7532","227532","585965"
"PM7943","227943","585964"
"PM8293","228293","585963"
"PO7288","227288","562942"
"PR7817","227817","749976"
"QN6865","226865","564978"
"QN7488","227488","564977"
"RA5498","225498","849990"
"RA5498","225499","691654"
"RA5498","225500","691653"
"RA6013","226013","849931"
"RA6013","228576","849898"
"RA6013","228577","849897"
"RA6827","226827","849929"
"RA6827","226828","849928"
"RA6827","226829","849924"
"RA6827","226830","849923"
"RA6827","226831","849922"
"RA6827","226832","849927"
"RA6827","226833","849926"
"RA6827","226834","849925"
"RA7316","227316","849915"
"RA7694","227694","849914"
"RA7694","227695","849913"
"RA7694","227696","849912"
"RA7694","227697","849908"
"RA7694","227698","849911"
"RA7694","227699","849910"
"RA7694","227700","849907"
"RA7694","227701","849909"
"RA8424","228424","849905"
"RA8424","228425","849904"
"RA8424","228426","849903"
"RA8424","228427","849902"
"RA8424","228428","849901"
"RA8424","228429","849900"
"RA8424","228430","849899"
"RA8451","228451","849906"
"RC7489","227489","807993"
"RD6385","226385","819960"
"RD7119","227119","819957"
"RD7850","227850","819954"
"RD8582","228582","819952"
"RR6437","226437","894972"
"RR7110","227110","894969"
"RR8598","228598","894964"
"RV5537","225537","790978"
"RV6216","226216","790972"
"RV7517","227517","790967"
"RV7907","227907","790965"
"RV8717","228717","790961"
"SB6862","226862","834901"
"SB6867","226867","834895"
"SB7032","227032","834899"
"SB7033","227033","834882"
"SB7127","227127","834886"
"SB7294","227294","834883"
"SB7415","227415","834881"
"SB7570","227570","834880"
"SB7819","227819","834877"
"SB7822","227822","834859"
"SB7822","227823","834857"
"SB7827","227827","834878"
"SB7839","227839","834862"
"SB7839","228691","834667"
"SB7992","227992","834677"
"SB8048","228048","834678"
"SB8593","228593","834671"
"SB8599","228599","834668"
"SB8617","228617","834669"
"SB8702","228702","834666"
"SB8763","228763","834665"
"SB8763C","228764","834664"
"SC6468","226468","887956"
"SC7190","227190","887896"
"SC7190","227191","762827"
"SC7230","227230","887859"
"SC7818","227818","887855"
"SC8081","228081","887854"
"SC8180","228180","887853"
"SC8541","228541","887850"
"SC8622","228622","887849"
"SC8682","228682","887848"
"SG4017","224017","804831"
"SG4017","224017","877868"
"SG4017C","224018","804830"
"SG4017C","224018","877867"
"SG5283","225283","804844"
"SG5283C","225284","804843"
"SG6324","226324","804810"
"SH4697","224697","772994"
"SH4697","224698","772993"
"SH4697","224699","772991"
"SH4697","224700","772961"
"SH4697","224701","772962"
"SH4697","224781","772915"
"SH4697","224782","772914"
"SH4697","224783","772913"
"SH4697","224784","772912"
"SH4697","224792","772911"
"SH4697","224793","772910"
"SH4697","225240","772906"
"SH4697","225241","772907"
"SH4697","225374","772905"
"SH4697","225375","772904"
"SH4697","225376","772903"
"SH4697","225377","772902"
"SH4697","225378","772901"
"SH4697","225606","772900"
"SH4697","226141","772880"
"SH4697","226142","772879"
"SH4697","226143","772878"
"SH4697","226144","772877"
"SH4697","226157","772881"
"SH4697","226432","772876"
"SH4697","226484","772874"
"SH4697","226622","772873"
"SH4697","226726","772871"
"SH4697","226902","772868"
"SH4697","226923","772866"
"SH4697","226965","772865"
"SH4697","226967","772863"
"SH4697","227036","772862"
"SH4697","227037","772861"
"SH4697","227038","772860"
"SH4697","227039","772859"
"SH4697","227040","772858"
"SH4697","227041","772857"
"SH4697","227042","772856"
"SH4697","227043","772855"
"SH4697","227044","772854"
"SH4697","227045","772853"
"SH4697","227461","772849"
"SH4697","227462","772848"
"SH4697","227463","772847"
"SH4697","227464","772846"
"SH4697","227631","772842"
"SH4697","227656","772840"
"SH4697","227657","772841"
"SH4697","227979","772836"
"SH4697","227980","772835"
"SH4697","227981","772834"
"SH4697","227982","772833"
"SH4697","227983","772832"
"SH4697","227984","772831"
"SH4697","227985","772830"
"SH4697","227986","772829"
"SH4697","227987","772828"
"SH4697","228007","772827"
"SH4697","228008","772826"
"SH4697","228009","772825"
"SH4697","228010","772824"
"SH4697","228011","772823"
"SH4697","228168","772822"
"SH4697","228169","772821"
"SH4697","228248","772819"
"SH4697","228249","772818"
"SH4697","228250","772817"
"SH4697","228253","772820"
"SH4697C","224703","772919"
"SH4697C","224704","772918"
"SH4697C","224705","772917"
"SH4697C","226903","772867"
"SH4697C","226966","772864"
"SH4697C","227774","772838"
"SH4697P","224702","772916"
"SH6801","226801","772870"
"SH6849","226849","772869"
"SH7433","227433","772851"
"SH7476","227476","772850"
"SH7835","227835","772837"
"SH8604","228604","772816"
"SI3394","223394","825972"
"SI3394","223436","825969"
"SI3394","223437","825968"
"SI3394","223438","825967"
"SI3394","223439","825966"
"SI3394","223440","825965"
"SI3394","223441","825964"
"SI3394","223442","825963"
"SI3394","223443","825962"
"SI3394","223444","825961"
"SI3394","223445","825960"
"SI3394","223446","825959"
"SI3394","223447","825958"
"SI3394","223448","825957"
"SI3394","223449","825956"
"SI3394","223450","825955"
"SI3394","223451","825954"
"SI3394","223452","825953"
"SI3394","223453","825952"
"SI3394","223454","825951"
"SI3394","223455","825950"
"SI3394","223456","825949"
"SI3394","223457","825948"
"SI3394","223546","825947"
"SI3394","223997","825946"
"SI3394","223998","825945"
"SI3394","224125","825944"
"SI3394","224235","825943"
"SI3394","224237","825942"
"SI3394","224238","825941"
"SI3394","224336","825939"
"SI3394","224348","825938"
"SI3394","224412","825937"
"SI3394","224413","825936"
"SI3394","224414","825935"
"SI3394","224415","825934"
"SI3394","224416","825933"
"SI3394","224417","825932"
"SI3394","224418","825931"
"SI3394","224419","825930"
"SI3394","224420","825929"
"SI3394","224421","825928"
"SI3394","224422","825927"
"SI3394","224423","825926"
"SI3394","224424","825925"
"SI3394","224425","825924"
"SI3394","224426","825923"
"SI3394","224427","825922"
"SI3394","224428","825921"
"SI3394","224429","825920"
"SI3394","224430","825919"
"SI3394","224431","825918"
"SI3394","224432","825917"
"SI3394","224795","825916"
"SI3394","224796","825915"
"SI3394","224797","825914"
"SI3394","225109","825913"
"SI3394","225128","825128"
"SI3394","225128","825912"
"SI3394","225164","825911"
"SI3394","225165","825910"
"SI3394","225166","825909"
"SI3394","225167","825908"
"SI3394","225168","825907"
"SI3394","225169","825906"
"SI3394","225170","825905"
"SI3394","225171","825887"
"SI3394","225171","825904"
"SI3394","225172","825886"
"SI3394","225172","825903"
"SI3394","225173","825902"
"SI3394","225174","825901"
"SI3394","225175","825900"
"SI3394","225176","825899"
"SI3394","225177","825898"
"SI3394","225178","825897"
"SI3394","225179","825896"
"SI3394","225180","825895"
"SI3394","225181","825894"
"SI3394","225182","825893"
"SI3394","225183","825892"
"SI3394","225184","825891"
"SI3394","225185","825890"
"SI3394","225186","825889"
"SI3394","225332","825885"
"SI3394","225333","825884"
"SI3394","225334","825883"
"SI3394","225399",""
"SI3394","225574","825882"
"SI3394","225712","825881"
"SI3394","225819","825880"
"SI3394","225844","825879"
"SI3394","225845","825878"
"SI3394","225955","825877"
"SI3394","226072","825875"
"SI3394","226073","825874"
"SI3394","226074","825873"
"SI3394","226075","825872"
"SI3394","226076","825871"
"SI3394","226077","825870"
"SI3394","226078","825869"
"SI3394","226079","825868"
"SI3394","226080","825867"
"SI3394","226081","825866"
"SI3394","226082","825865"
"SI3394","226083","825864"
"SI3394","226084","825863"
"SI3394","226085","825862"
"SI3394","226086","825861"
"SI3394","226087","825860"
"SI3394","226088","825859"
"SI3394","226089",""
"SI3394","226090","825853"
"SI3394","226091","825852"
"SI3394","226092","825851"
"SI3394","226093","825850"
"SI3394","226094",""
"SI3394","226095","825857"
"SI3394","226096","825856"
"SI3394","226097","825855"
"SI3394","226098","825854"
"SI3394","226101","825858"
"SI3394","226165","825849"
"SI3394","226242","825848"
"SI3394","226243","825845"
"SI3394","226414","825844"
"SI3394","22672",""
"SI3394","226725","825127"
"SI3394","226864","825843"
"SI3394","226934","825842"
"SI3394","226935","825841"
"SI3394","226936","825840"
"SI3394","226937","825839"
"SI3394","226938","825838"
"SI3394","226939","825837"
"SI3394","226940","825836"
"SI3394","226941","825835"
"SI3394","226942","825834"
"SI3394","226943","825833"
"SI3394","226944","825832"
"SI3394","226945","825831"
"SI3394","226946","825830"
"SI3394","226947","825829"
"SI3394","226948","825828"
"SI3394","226949","825827"
"SI3394","226950","825826"
"SI3394","226951","825825"
"SI3394","226952","825824"
"SI3394","226953","825823"
"SI3394","226954","825822"
"SI3394","226955","825821"
"SI3394","226956","825815"
"SI3394","226957","825814"
"SI3394","226958","825820"
"SI3394","226959","825819"
"SI3394","226960","825818"
"SI3394","226961","825817"
"SI3394","226962","825816"
"SI3394","227031","825813"
"SI3394","227152","825125"
"SI3394","227153","825124"
"SI3394","227179","825123"
"SI3394","227180","825122"
"SI3394","227181","825121"
"SI3394","227182","825118"
"SI3394","227182","825120"
"SI3394","227183","825119"
"SI3394","227184",""
"SI3394","227306","825117"
"SI3394","227380","825116"
"SI3394","227481","825115"
"SI3394","227482","825114"
"SI3394","227483","82511"
"SI3394","227483","825113"
"SI3394","227510","825112"
"SI3394P","224234","825940"
"SI3394P","225187","825888"
"SI7662","227662","825847"
"SI7662","227663","825846"
"SI7662","227664","825812"
"SI7662","227665","825811"
"SI7662","227666","825810"
"SI7662","227667","825809"
"SI7662","227668","825808"
"SI7662","227669","825807"
"SI7662","227670","825806"
"SI7662","227671","825805"
"SI7662","227672","825804"
"SI7662","227673","825803"
"SI7662","227798","825802"
"SI7662","227799","825801"
"SI7662","227800","825800"
"SI7662","227801","825799"
"SI7662","227802","825790"
"SI7662","227803","825789"
"SI7662","227804","825788"
"SI7662","227805","825787"
"SI7662","227806","825786"
"SI7662","227807","825785"
"SI7662","227808","825798"
"SI7662","227809","825797"
"SI7662","227810","825796"
"SI7662","227811","825795"
"SI7662","227812","825794"
"SI7662","227813","825793"
"SI7662","227814","825792"
"SI7662","227815","825791"
"SI7662","227824","825784"
"SI7662","227825","825783"
"SI7662","228069","825110"
"SI7662","228236","825109"
"SI7662","228237","825108"
"SI7662","228238","825107"
"SI8522","228522","825782"
"SI8522","228523","825781"
"SI8522","228524","825780"
"SI8522","228525","825779"
"SI8522","228526","825778"
"SI8522","228527","825777"
"SI8522","228528","825776"
"SI8522","228529","825775"
"SI8522","228530","228891"
"SI8522","228530","228892"
"SI8522","228530","825774"
"SI8522","228531","825773"
"SI8522","228532","825772"
"SI8522","228533","825771"
"SI8522","228534","825770"
"SI8522","228535","825769"
"SI8522","228536","825768"
"SI8522","228537","825767"
"SI8522","228538","825766"
"SI8522","228539","825765"
"SI8522","228540","825764"
"SI8522","228891","825103"
"SI8522","228892","825102"
"SI8522","228893","825101"
"SI8522","228894","825100"
"SI8522","228895","825099"
"SI8522","228896","825098"
"SI8522","228897","825097"
"SI8522","228898","825096"
"SL7269","227269","804791"
"SL7590","227590","804785"
"SL7622","227622","804783"
"SL7622","227625","804782"
"SL7660","227660","804776"
"SL7925","227925","804772"
"SL7925C","227926","804771"
"SL8092","228092","804763"
"SL8117","228117","804769"
"SL8145","228145","804766"
"SL8145","228146","691514"
"SL8156","228156","804768"
"SL8157","228157","804765"
"SL8162","228162","804767"
"SL8329","228329","804758"
"SL8330","228330","804757"
"SL8493","228493","804753"
"SL8567","228567","804746"
"SL8567","228568","804745"
"SL8567","228569","804744"
"SL8567","228570","804743"
"SL8567","228571","804742"
"SL8567","228572","804741"
"SL8770","228770","804738"
"SL8770C","228771","804737"
"SM7026","227026","811879"
"SM8151","228151","811867"
"SM8648","228648","811866"
"SM8712","228712","811865"
"SP0017","220017","880967"
"SP4037","224037","880900"
"SP6110","226110","880877"
"SP7573","227573","880862"
"SP7634","227634","880860"
"SP7711","227711","880864"
"SP7711","227712","880863"
"SP7713","227713","880861"
"SP7734","227734","880859"
"SP7864","227864","880856"
"SP7896","227896","880849"
"SP7900","227900","880855"
"SP8234","228234","880852"
"SP8264","228264","880851"
"SP8264","228265","691512"
"SP8264","228266","880850"
"SP8264","228405","897774"
"SP8294","228294","880848"
"SP8357","228357","880846"
"SP8432","228432","880843"
"SP8461","228461","880842"
"SP8517","228517","880841"
"SP8636","228636","880840"
"SP8786","228786","880835"
"TD0386","220386","878999"
"TF8811","228811","928994"
"TF8811C","228812","928995"
"TS6742","226742","743986"
"UA3904","223904","855940"
"UA5908","225908","855927"
"UA5947","225947","855926"
"UA5963","225963","855924"
"UA6626","226626","855907"
"UA6750","226750","855903"
"UA6889","226889","855902"
"UA6896","226896","855901"
"UA6898","226898","855899"
"UA6908","226908","855898"
"UA6917","226917","855897"
"UA6984","226984","855896"
"UA7120","227120","855895"
"UA7201","227201","855894"
"UA7201","227202","855893"
"UA7201","227203","811878"
"UA7201","227204","855892"
"UA7201","227205","831821"
"UA7201","227206","855891"
"UA7201","227207","855890"
"UA7201","227349","855884"
"UA7201","227349","855886"
"UA7201","227349","855894"
"UA7201","227350","855885"
"UA7201","227351","843813"
"UA7201","227368","855883"
"UA7233","227233","855889"
"UA7396","227396","855880"
"UA7450","227450","855879"
"UA7628","227628","855878"
"UA7715","227715","855874"
"UA7770","227770","855877"
"UA7787","227787","855876"
"UA7788","227788","855875"
"UA7834","227834","855873"
"UA7840","227840","855872"
"UA8367","228367","855866"
"UA8446","228446","855867"
"UA8481","228481","855865"
"UI2160","222160","801897"
"UI2160","223038","801885"
"UI2160","224012","801878"
"UI2160","224904","801874"
"UI2160","225784","801869"
"UI2160","226692","801858"
"UI5912","225912","801867"
"UI5939","225939","801865"
"UI6739","226739","801857"
"UI7109","227109","801854"
"UI7890","227890","801849"
"UI7890","228854","801847"
"UI8619","228619","855864"
"UO6884","226884","612944"
"UO6909","226909","612945"
"UO7225","227225","612943"
"UO7226","227226","612942"
"UO7626","227626","612941"
"UO8198","228198","612940"
"UO8290","228290","612939"
"WA6634","226634","780791"
"WA7193","227193","780778"
"WA7680","227680","780777"
"WA7680C","227681","780776"
"WA7680C","227682","780775"
"WA7680C","227683","780773"
"WA7680C","227790","780774"
"WA7680C","227791","780772"
"WA7680C","227792","780771"
"WA7888","227888","780770"
"WA8486","228486","780767"
"WA8486C","228487","780766"
"WA8486C","228488","861742"
"WA8486C","228489","713952"
"WA8486C","228490","713951"
"WA8486C","228491","780765"
"WA8486C","228492","780764"
"WM4451","224451","809969"
"WM4451","226625","809822"
"WM4451","227531","809814"
"WM4451","228239","809811"
"WM5713","225713","809957"
"WM5808","225808","809956"
"WM6111","226111","809946"
"WM6111","227466","809815"
"WM6651","226651","809941"
"WM6651C","226684","809821"
"WM6651C","226685","809820"
"WM6651C","228301","809810"
"WM6738","226738","809939"
"WM6743","226743","809938"
"WM6873","226873","809936"
"WM7469","227469","809933"
"WM7472","227472","809934"
"WM7513","227513","809932"
"WM7527","227527","809931"
"WM7527","227528","809930"
"WM7599","227599","809929"
"WM7689","227689","809927"
"WM8222","228222","809926"
"WM8284","228284","809925"
"WM8318","228318","809924"
"WM8611","228611","809923"
"WM8670","228670","809922"
"WM8804","228804","809921"
